recorded_at_utc	git_commit	git_change	git_dirty	platform	python	rdkit	zstandard	zstd_library	cpu_model	visible_cpus	cgroup_memory_limit_bytes	container	sample_count	sample_policy	sample_seed	sample_source_rows_sha256	sample_cids_sha256	dictionary_artifact	dictionary_id	dictionary_sha256	raw_bytes	level	mode	compressed_bytes	compression_ratio	compression_mean_s	compression_std_s	decompression_mean_s	decompression_std_s
2026-05-31T21:46:22+00:00	a61189b97225	Use compact visited state for non-stereo decoding	True	Linux-6.17.0-23-generic-x86_64-with-glibc2.36	3.12.13	2026.03.1	0.25.0	1.5.7	AMD Ryzen 5 7640U w/ Radeon 760M Graphics	12	2147483648	compose/timings-prepared-mol-zstd.yml timings-prepared-mol-zstd service, network disabled	1024	random-parseable-preparable-v1	20260531	af780bb8c4b4a48b23dc8a706523668569e62d181f62c52910c37b8085a10ed0	f47183532f456a6bd97e99ee84dc1ec3c50bd1f2d6b8f519b8fed75cab8e6b48	20260531_ebdfcd5d	1390038199	c87c9e5066dfc00f18800339ac2db0ad4964b72a009574e92bcc2b5ed642d575	5742205	1	no-dictionary	768578	0.1338471893636678	0.017479074520191977	0.00080701116811936	0.0076715069091213605	0.0004995704176908391
2026-05-31T21:46:22+00:00	a61189b97225	Use compact visited state for non-stereo decoding	True	Linux-6.17.0-23-generic-x86_64-with-glibc2.36	3.12.13	2026.03.1	0.25.0	1.5.7	AMD Ryzen 5 7640U w/ Radeon 760M Graphics	12	2147483648	compose/timings-prepared-mol-zstd.yml timings-prepared-mol-zstd service, network disabled	1024	random-parseable-preparable-v1	20260531	af780bb8c4b4a48b23dc8a706523668569e62d181f62c52910c37b8085a10ed0	f47183532f456a6bd97e99ee84dc1ec3c50bd1f2d6b8f519b8fed75cab8e6b48	20260531_ebdfcd5d	1390038199	c87c9e5066dfc00f18800339ac2db0ad4964b72a009574e92bcc2b5ed642d575	5742205	1	dictionary	695052	0.1210427004957155	0.01297210858735655	0.0005338359578462452	0.005361130960019571	0.0005338454918896547
2026-05-31T21:46:22+00:00	a61189b97225	Use compact visited state for non-stereo decoding	True	Linux-6.17.0-23-generic-x86_64-with-glibc2.36	3.12.13	2026.03.1	0.25.0	1.5.7	AMD Ryzen 5 7640U w/ Radeon 760M Graphics	12	2147483648	compose/timings-prepared-mol-zstd.yml timings-prepared-mol-zstd service, network disabled	1024	random-parseable-preparable-v1	20260531	af780bb8c4b4a48b23dc8a706523668569e62d181f62c52910c37b8085a10ed0	f47183532f456a6bd97e99ee84dc1ec3c50bd1f2d6b8f519b8fed75cab8e6b48	20260531_ebdfcd5d	1390038199	c87c9e5066dfc00f18800339ac2db0ad4964b72a009574e92bcc2b5ed642d575	5742205	2	no-dictionary	746152	0.12994172099393875	0.01913806114212743	0.001286707928185573	0.008151778385841421	0.0005904396527383222
2026-05-31T21:46:22+00:00	a61189b97225	Use compact visited state for non-stereo decoding	True	Linux-6.17.0-23-generic-x86_64-with-glibc2.36	3.12.13	2026.03.1	0.25.0	1.5.7	AMD Ryzen 5 7640U w/ Radeon 760M Graphics	12	2147483648	compose/timings-prepared-mol-zstd.yml timings-prepared-mol-zstd service, network disabled	1024	random-parseable-preparable-v1	20260531	af780bb8c4b4a48b23dc8a706523668569e62d181f62c52910c37b8085a10ed0	f47183532f456a6bd97e99ee84dc1ec3c50bd1f2d6b8f519b8fed75cab8e6b48	20260531_ebdfcd5d	1390038199	c87c9e5066dfc00f18800339ac2db0ad4964b72a009574e92bcc2b5ed642d575	5742205	2	dictionary	693793	0.1208234467421487	0.01478855764227254	0.0006807162495828888	0.0052273146409009185	0.00016948632038685802
2026-05-31T21:46:22+00:00	a61189b97225	Use compact visited state for non-stereo decoding	True	Linux-6.17.0-23-generic-x86_64-with-glibc2.36	3.12.13	2026.03.1	0.25.0	1.5.7	AMD Ryzen 5 7640U w/ Radeon 760M Graphics	12	2147483648	compose/timings-prepared-mol-zstd.yml timings-prepared-mol-zstd service, network disabled	1024	random-parseable-preparable-v1	20260531	af780bb8c4b4a48b23dc8a706523668569e62d181f62c52910c37b8085a10ed0	f47183532f456a6bd97e99ee84dc1ec3c50bd1f2d6b8f519b8fed75cab8e6b48	20260531_ebdfcd5d	1390038199	c87c9e5066dfc00f18800339ac2db0ad4964b72a009574e92bcc2b5ed642d575	5742205	3	no-dictionary	691235	0.12037797326985017	0.019387057683031474	0.0013502111270623483	0.006852890531133328	0.00018787265634426556
2026-05-31T21:46:22+00:00	a61189b97225	Use compact visited state for non-stereo decoding	True	Linux-6.17.0-23-generic-x86_64-with-glibc2.36	3.12.13	2026.03.1	0.25.0	1.5.7	AMD Ryzen 5 7640U w/ Radeon 760M Graphics	12	2147483648	compose/timings-prepared-mol-zstd.yml timings-prepared-mol-zstd service, network disabled	1024	random-parseable-preparable-v1	20260531	af780bb8c4b4a48b23dc8a706523668569e62d181f62c52910c37b8085a10ed0	f47183532f456a6bd97e99ee84dc1ec3c50bd1f2d6b8f519b8fed75cab8e6b48	20260531_ebdfcd5d	1390038199	c87c9e5066dfc00f18800339ac2db0ad4964b72a009574e92bcc2b5ed642d575	5742205	3	dictionary	668512	0.11642078260877137	0.013355586977143372	0.0010186301910620962	0.0049021633874092784	0.0001813709119523419
2026-05-31T21:46:22+00:00	a61189b97225	Use compact visited state for non-stereo decoding	True	Linux-6.17.0-23-generic-x86_64-with-glibc2.36	3.12.13	2026.03.1	0.25.0	1.5.7	AMD Ryzen 5 7640U w/ Radeon 760M Graphics	12	2147483648	compose/timings-prepared-mol-zstd.yml timings-prepared-mol-zstd service, network disabled	1024	random-parseable-preparable-v1	20260531	af780bb8c4b4a48b23dc8a706523668569e62d181f62c52910c37b8085a10ed0	f47183532f456a6bd97e99ee84dc1ec3c50bd1f2d6b8f519b8fed75cab8e6b48	20260531_ebdfcd5d	1390038199	c87c9e5066dfc00f18800339ac2db0ad4964b72a009574e92bcc2b5ed642d575	5742205	4	no-dictionary	657613	0.1145227312504517	0.022495523893407414	0.0008702941141879217	0.007793935414935861	0.0007219300004508518
2026-05-31T21:46:22+00:00	a61189b97225	Use compact visited state for non-stereo decoding	True	Linux-6.17.0-23-generic-x86_64-with-glibc2.36	3.12.13	2026.03.1	0.25.0	1.5.7	AMD Ryzen 5 7640U w/ Radeon 760M Graphics	12	2147483648	compose/timings-prepared-mol-zstd.yml timings-prepared-mol-zstd service, network disabled	1024	random-parseable-preparable-v1	20260531	af780bb8c4b4a48b23dc8a706523668569e62d181f62c52910c37b8085a10ed0	f47183532f456a6bd97e99ee84dc1ec3c50bd1f2d6b8f519b8fed75cab8e6b48	20260531_ebdfcd5d	1390038199	c87c9e5066dfc00f18800339ac2db0ad4964b72a009574e92bcc2b5ed642d575	5742205	4	dictionary	668514	0.11642113090702962	0.015174932412004896	0.0013619195780146455	0.00581447989679873	0.0004930132584320362
2026-05-31T21:46:22+00:00	a61189b97225	Use compact visited state for non-stereo decoding	True	Linux-6.17.0-23-generic-x86_64-with-glibc2.36	3.12.13	2026.03.1	0.25.0	1.5.7	AMD Ryzen 5 7640U w/ Radeon 760M Graphics	12	2147483648	compose/timings-prepared-mol-zstd.yml timings-prepared-mol-zstd service, network disabled	1024	random-parseable-preparable-v1	20260531	af780bb8c4b4a48b23dc8a706523668569e62d181f62c52910c37b8085a10ed0	f47183532f456a6bd97e99ee84dc1ec3c50bd1f2d6b8f519b8fed75cab8e6b48	20260531_ebdfcd5d	1390038199	c87c9e5066dfc00f18800339ac2db0ad4964b72a009574e92bcc2b5ed642d575	5742205	5	no-dictionary	614478	0.10701080856569907	0.02995297239561166	0.0014226137939774225	0.006302258299131479	0.0003119953847592265
2026-05-31T21:46:22+00:00	a61189b97225	Use compact visited state for non-stereo decoding	True	Linux-6.17.0-23-generic-x86_64-with-glibc2.36	3.12.13	2026.03.1	0.25.0	1.5.7	AMD Ryzen 5 7640U w/ Radeon 760M Graphics	12	2147483648	compose/timings-prepared-mol-zstd.yml timings-prepared-mol-zstd service, network disabled	1024	random-parseable-preparable-v1	20260531	af780bb8c4b4a48b23dc8a706523668569e62d181f62c52910c37b8085a10ed0	f47183532f456a6bd97e99ee84dc1ec3c50bd1f2d6b8f519b8fed75cab8e6b48	20260531_ebdfcd5d	1390038199	c87c9e5066dfc00f18800339ac2db0ad4964b72a009574e92bcc2b5ed642d575	5742205	5	dictionary	598009	0.10414274655816015	0.02255150386398392	0.0007561076088101667	0.0046900777877973655	0.0005110757346567631
2026-05-31T21:46:22+00:00	a61189b97225	Use compact visited state for non-stereo decoding	True	Linux-6.17.0-23-generic-x86_64-with-glibc2.36	3.12.13	2026.03.1	0.25.0	1.5.7	AMD Ryzen 5 7640U w/ Radeon 760M Graphics	12	2147483648	compose/timings-prepared-mol-zstd.yml timings-prepared-mol-zstd service, network disabled	1024	random-parseable-preparable-v1	20260531	af780bb8c4b4a48b23dc8a706523668569e62d181f62c52910c37b8085a10ed0	f47183532f456a6bd97e99ee84dc1ec3c50bd1f2d6b8f519b8fed75cab8e6b48	20260531_ebdfcd5d	1390038199	c87c9e5066dfc00f18800339ac2db0ad4964b72a009574e92bcc2b5ed642d575	5742205	6	no-dictionary	600873	0.10464150966397055	0.037736238612394245	0.0016498271344141445	0.006501411187595555	0.0010101196530431145
2026-05-31T21:46:22+00:00	a61189b97225	Use compact visited state for non-stereo decoding	True	Linux-6.17.0-23-generic-x86_64-with-glibc2.36	3.12.13	2026.03.1	0.25.0	1.5.7	AMD Ryzen 5 7640U w/ Radeon 760M Graphics	12	2147483648	compose/timings-prepared-mol-zstd.yml timings-prepared-mol-zstd service, network disabled	1024	random-parseable-preparable-v1	20260531	af780bb8c4b4a48b23dc8a706523668569e62d181f62c52910c37b8085a10ed0	f47183532f456a6bd97e99ee84dc1ec3c50bd1f2d6b8f519b8fed75cab8e6b48	20260531_ebdfcd5d	1390038199	c87c9e5066dfc00f18800339ac2db0ad4964b72a009574e92bcc2b5ed642d575	5742205	6	dictionary	389885	0.06789813320841036	0.04163994756527245	0.0014104552409894056	0.004831214668229222	0.0003342439356227061
2026-05-31T21:46:22+00:00	a61189b97225	Use compact visited state for non-stereo decoding	True	Linux-6.17.0-23-generic-x86_64-with-glibc2.36	3.12.13	2026.03.1	0.25.0	1.5.7	AMD Ryzen 5 7640U w/ Radeon 760M Graphics	12	2147483648	compose/timings-prepared-mol-zstd.yml timings-prepared-mol-zstd service, network disabled	1024	random-parseable-preparable-v1	20260531	af780bb8c4b4a48b23dc8a706523668569e62d181f62c52910c37b8085a10ed0	f47183532f456a6bd97e99ee84dc1ec3c50bd1f2d6b8f519b8fed75cab8e6b48	20260531_ebdfcd5d	1390038199	c87c9e5066dfc00f18800339ac2db0ad4964b72a009574e92bcc2b5ed642d575	5742205	7	no-dictionary	594804	0.10358459859931855	0.0686775604262948	0.0039284349137468635	0.006154945319784539	0.0006625287320726199
2026-05-31T21:46:22+00:00	a61189b97225	Use compact visited state for non-stereo decoding	True	Linux-6.17.0-23-generic-x86_64-with-glibc2.36	3.12.13	2026.03.1	0.25.0	1.5.7	AMD Ryzen 5 7640U w/ Radeon 760M Graphics	12	2147483648	compose/timings-prepared-mol-zstd.yml timings-prepared-mol-zstd service, network disabled	1024	random-parseable-preparable-v1	20260531	af780bb8c4b4a48b23dc8a706523668569e62d181f62c52910c37b8085a10ed0	f47183532f456a6bd97e99ee84dc1ec3c50bd1f2d6b8f519b8fed75cab8e6b48	20260531_ebdfcd5d	1390038199	c87c9e5066dfc00f18800339ac2db0ad4964b72a009574e92bcc2b5ed642d575	5742205	7	dictionary	390862	0.06806827690756426	0.04637560900300741	0.0017401611958301705	0.004496594258983221	0.0004069232713896939
2026-05-31T21:46:22+00:00	a61189b97225	Use compact visited state for non-stereo decoding	True	Linux-6.17.0-23-generic-x86_64-with-glibc2.36	3.12.13	2026.03.1	0.25.0	1.5.7	AMD Ryzen 5 7640U w/ Radeon 760M Graphics	12	2147483648	compose/timings-prepared-mol-zstd.yml timings-prepared-mol-zstd service, network disabled	1024	random-parseable-preparable-v1	20260531	af780bb8c4b4a48b23dc8a706523668569e62d181f62c52910c37b8085a10ed0	f47183532f456a6bd97e99ee84dc1ec3c50bd1f2d6b8f519b8fed75cab8e6b48	20260531_ebdfcd5d	1390038199	c87c9e5066dfc00f18800339ac2db0ad4964b72a009574e92bcc2b5ed642d575	5742205	8	no-dictionary	593846	0.10341776373361801	0.15917670254462532	0.008602568720927106	0.006240470966856394	0.0002464256365595684
2026-05-31T21:46:22+00:00	a61189b97225	Use compact visited state for non-stereo decoding	True	Linux-6.17.0-23-generic-x86_64-with-glibc2.36	3.12.13	2026.03.1	0.25.0	1.5.7	AMD Ryzen 5 7640U w/ Radeon 760M Graphics	12	2147483648	compose/timings-prepared-mol-zstd.yml timings-prepared-mol-zstd service, network disabled	1024	random-parseable-preparable-v1	20260531	af780bb8c4b4a48b23dc8a706523668569e62d181f62c52910c37b8085a10ed0	f47183532f456a6bd97e99ee84dc1ec3c50bd1f2d6b8f519b8fed75cab8e6b48	20260531_ebdfcd5d	1390038199	c87c9e5066dfc00f18800339ac2db0ad4964b72a009574e92bcc2b5ed642d575	5742205	8	dictionary	359376	0.0625850174279741	0.05076253740116954	0.00218038854363416	0.003904767134892089	0.00037176948347594476
2026-05-31T21:46:22+00:00	a61189b97225	Use compact visited state for non-stereo decoding	True	Linux-6.17.0-23-generic-x86_64-with-glibc2.36	3.12.13	2026.03.1	0.25.0	1.5.7	AMD Ryzen 5 7640U w/ Radeon 760M Graphics	12	2147483648	compose/timings-prepared-mol-zstd.yml timings-prepared-mol-zstd service, network disabled	1024	random-parseable-preparable-v1	20260531	af780bb8c4b4a48b23dc8a706523668569e62d181f62c52910c37b8085a10ed0	f47183532f456a6bd97e99ee84dc1ec3c50bd1f2d6b8f519b8fed75cab8e6b48	20260531_ebdfcd5d	1390038199	c87c9e5066dfc00f18800339ac2db0ad4964b72a009574e92bcc2b5ed642d575	5742205	9	no-dictionary	596948	0.10395797433215986	0.11435235830556069	0.003890016400068925	0.006626282153385026	0.0006930433688064121
2026-05-31T21:46:22+00:00	a61189b97225	Use compact visited state for non-stereo decoding	True	Linux-6.17.0-23-generic-x86_64-with-glibc2.36	3.12.13	2026.03.1	0.25.0	1.5.7	AMD Ryzen 5 7640U w/ Radeon 760M Graphics	12	2147483648	compose/timings-prepared-mol-zstd.yml timings-prepared-mol-zstd service, network disabled	1024	random-parseable-preparable-v1	20260531	af780bb8c4b4a48b23dc8a706523668569e62d181f62c52910c37b8085a10ed0	f47183532f456a6bd97e99ee84dc1ec3c50bd1f2d6b8f519b8fed75cab8e6b48	20260531_ebdfcd5d	1390038199	c87c9e5066dfc00f18800339ac2db0ad4964b72a009574e92bcc2b5ed642d575	5742205	9	dictionary	339241	0.05907852471306754	0.06277162777925176	0.0018979057637144238	0.0035260647003139767	0.0005002685844402438
2026-05-31T21:46:22+00:00	a61189b97225	Use compact visited state for non-stereo decoding	True	Linux-6.17.0-23-generic-x86_64-with-glibc2.36	3.12.13	2026.03.1	0.25.0	1.5.7	AMD Ryzen 5 7640U w/ Radeon 760M Graphics	12	2147483648	compose/timings-prepared-mol-zstd.yml timings-prepared-mol-zstd service, network disabled	1024	random-parseable-preparable-v1	20260531	af780bb8c4b4a48b23dc8a706523668569e62d181f62c52910c37b8085a10ed0	f47183532f456a6bd97e99ee84dc1ec3c50bd1f2d6b8f519b8fed75cab8e6b48	20260531_ebdfcd5d	1390038199	c87c9e5066dfc00f18800339ac2db0ad4964b72a009574e92bcc2b5ed642d575	5742205	10	no-dictionary	596618	0.10390050511954903	0.25546120832275065	0.006951951541064238	0.0055982682720891064	0.0004101544315782528
2026-05-31T21:46:22+00:00	a61189b97225	Use compact visited state for non-stereo decoding	True	Linux-6.17.0-23-generic-x86_64-with-glibc2.36	3.12.13	2026.03.1	0.25.0	1.5.7	AMD Ryzen 5 7640U w/ Radeon 760M Graphics	12	2147483648	compose/timings-prepared-mol-zstd.yml timings-prepared-mol-zstd service, network disabled	1024	random-parseable-preparable-v1	20260531	af780bb8c4b4a48b23dc8a706523668569e62d181f62c52910c37b8085a10ed0	f47183532f456a6bd97e99ee84dc1ec3c50bd1f2d6b8f519b8fed75cab8e6b48	20260531_ebdfcd5d	1390038199	c87c9e5066dfc00f18800339ac2db0ad4964b72a009574e92bcc2b5ed642d575	5742205	10	dictionary	322275	0.05612391058835413	0.07934374917697694	0.0018434366505797313	0.0033585443826658385	0.0005731479012039465
2026-05-31T21:46:22+00:00	a61189b97225	Use compact visited state for non-stereo decoding	True	Linux-6.17.0-23-generic-x86_64-with-glibc2.36	3.12.13	2026.03.1	0.25.0	1.5.7	AMD Ryzen 5 7640U w/ Radeon 760M Graphics	12	2147483648	compose/timings-prepared-mol-zstd.yml timings-prepared-mol-zstd service, network disabled	1024	random-parseable-preparable-v1	20260531	af780bb8c4b4a48b23dc8a706523668569e62d181f62c52910c37b8085a10ed0	f47183532f456a6bd97e99ee84dc1ec3c50bd1f2d6b8f519b8fed75cab8e6b48	20260531_ebdfcd5d	1390038199	c87c9e5066dfc00f18800339ac2db0ad4964b72a009574e92bcc2b5ed642d575	5742205	11	no-dictionary	616298	0.10732775998070428	0.1526325907824295	0.010976185153744421	0.00938816711173526	0.001091996440377085
2026-05-31T21:46:22+00:00	a61189b97225	Use compact visited state for non-stereo decoding	True	Linux-6.17.0-23-generic-x86_64-with-glibc2.36	3.12.13	2026.03.1	0.25.0	1.5.7	AMD Ryzen 5 7640U w/ Radeon 760M Graphics	12	2147483648	compose/timings-prepared-mol-zstd.yml timings-prepared-mol-zstd service, network disabled	1024	random-parseable-preparable-v1	20260531	af780bb8c4b4a48b23dc8a706523668569e62d181f62c52910c37b8085a10ed0	f47183532f456a6bd97e99ee84dc1ec3c50bd1f2d6b8f519b8fed75cab8e6b48	20260531_ebdfcd5d	1390038199	c87c9e5066dfc00f18800339ac2db0ad4964b72a009574e92bcc2b5ed642d575	5742205	11	dictionary	302123	0.052614457338252464	0.12658490473404527	0.009356009607923911	0.0034799667940075907	0.0004884883063498629
2026-05-31T21:46:22+00:00	a61189b97225	Use compact visited state for non-stereo decoding	True	Linux-6.17.0-23-generic-x86_64-with-glibc2.36	3.12.13	2026.03.1	0.25.0	1.5.7	AMD Ryzen 5 7640U w/ Radeon 760M Graphics	12	2147483648	compose/timings-prepared-mol-zstd.yml timings-prepared-mol-zstd service, network disabled	1024	random-parseable-preparable-v1	20260531	af780bb8c4b4a48b23dc8a706523668569e62d181f62c52910c37b8085a10ed0	f47183532f456a6bd97e99ee84dc1ec3c50bd1f2d6b8f519b8fed75cab8e6b48	20260531_ebdfcd5d	1390038199	c87c9e5066dfc00f18800339ac2db0ad4964b72a009574e92bcc2b5ed642d575	5742205	12	no-dictionary	602199	0.10487243140918863	0.22890402067319623	0.00605430643881414	0.010078166112569826	0.0004638426794476198
2026-05-31T21:46:22+00:00	a61189b97225	Use compact visited state for non-stereo decoding	True	Linux-6.17.0-23-generic-x86_64-with-glibc2.36	3.12.13	2026.03.1	0.25.0	1.5.7	AMD Ryzen 5 7640U w/ Radeon 760M Graphics	12	2147483648	compose/timings-prepared-mol-zstd.yml timings-prepared-mol-zstd service, network disabled	1024	random-parseable-preparable-v1	20260531	af780bb8c4b4a48b23dc8a706523668569e62d181f62c52910c37b8085a10ed0	f47183532f456a6bd97e99ee84dc1ec3c50bd1f2d6b8f519b8fed75cab8e6b48	20260531_ebdfcd5d	1390038199	c87c9e5066dfc00f18800339ac2db0ad4964b72a009574e92bcc2b5ed642d575	5742205	12	dictionary	292174	0.05088184765260035	0.22542023874952324	0.0027700924813988336	0.0031674053253872053	0.0006862628811177578
2026-05-31T21:46:22+00:00	a61189b97225	Use compact visited state for non-stereo decoding	True	Linux-6.17.0-23-generic-x86_64-with-glibc2.36	3.12.13	2026.03.1	0.25.0	1.5.7	AMD Ryzen 5 7640U w/ Radeon 760M Graphics	12	2147483648	compose/timings-prepared-mol-zstd.yml timings-prepared-mol-zstd service, network disabled	1024	random-parseable-preparable-v1	20260531	af780bb8c4b4a48b23dc8a706523668569e62d181f62c52910c37b8085a10ed0	f47183532f456a6bd97e99ee84dc1ec3c50bd1f2d6b8f519b8fed75cab8e6b48	20260531_ebdfcd5d	1390038199	c87c9e5066dfc00f18800339ac2db0ad4964b72a009574e92bcc2b5ed642d575	5742205	13	no-dictionary	565316	0.09844928907971763	0.35116688764121917	0.010584230202825775	0.006166637742093631	0.00041880175273932476
2026-05-31T21:46:22+00:00	a61189b97225	Use compact visited state for non-stereo decoding	True	Linux-6.17.0-23-generic-x86_64-with-glibc2.36	3.12.13	2026.03.1	0.25.0	1.5.7	AMD Ryzen 5 7640U w/ Radeon 760M Graphics	12	2147483648	compose/timings-prepared-mol-zstd.yml timings-prepared-mol-zstd service, network disabled	1024	random-parseable-preparable-v1	20260531	af780bb8c4b4a48b23dc8a706523668569e62d181f62c52910c37b8085a10ed0	f47183532f456a6bd97e99ee84dc1ec3c50bd1f2d6b8f519b8fed75cab8e6b48	20260531_ebdfcd5d	1390038199	c87c9e5066dfc00f18800339ac2db0ad4964b72a009574e92bcc2b5ed642d575	5742205	13	dictionary	357642	0.062283042838073524	0.14748951097551202	0.005376598662829928	0.0034634179901331663	0.00015060828792624938
2026-05-31T21:46:22+00:00	a61189b97225	Use compact visited state for non-stereo decoding	True	Linux-6.17.0-23-generic-x86_64-with-glibc2.36	3.12.13	2026.03.1	0.25.0	1.5.7	AMD Ryzen 5 7640U w/ Radeon 760M Graphics	12	2147483648	compose/timings-prepared-mol-zstd.yml timings-prepared-mol-zstd service, network disabled	1024	random-parseable-preparable-v1	20260531	af780bb8c4b4a48b23dc8a706523668569e62d181f62c52910c37b8085a10ed0	f47183532f456a6bd97e99ee84dc1ec3c50bd1f2d6b8f519b8fed75cab8e6b48	20260531_ebdfcd5d	1390038199	c87c9e5066dfc00f18800339ac2db0ad4964b72a009574e92bcc2b5ed642d575	5742205	14	no-dictionary	558023	0.09717921948101818	0.43105524954652147	0.009672702314037857	0.0058251897737916026	0.00021429392220334586
2026-05-31T21:46:22+00:00	a61189b97225	Use compact visited state for non-stereo decoding	True	Linux-6.17.0-23-generic-x86_64-with-glibc2.36	3.12.13	2026.03.1	0.25.0	1.5.7	AMD Ryzen 5 7640U w/ Radeon 760M Graphics	12	2147483648	compose/timings-prepared-mol-zstd.yml timings-prepared-mol-zstd service, network disabled	1024	random-parseable-preparable-v1	20260531	af780bb8c4b4a48b23dc8a706523668569e62d181f62c52910c37b8085a10ed0	f47183532f456a6bd97e99ee84dc1ec3c50bd1f2d6b8f519b8fed75cab8e6b48	20260531_ebdfcd5d	1390038199	c87c9e5066dfc00f18800339ac2db0ad4964b72a009574e92bcc2b5ed642d575	5742205	14	dictionary	298463	0.05197707152565957	0.23945257110920334	0.009306972884565	0.002915811724960804	0.00022006886785684368
2026-05-31T21:46:22+00:00	a61189b97225	Use compact visited state for non-stereo decoding	True	Linux-6.17.0-23-generic-x86_64-with-glibc2.36	3.12.13	2026.03.1	0.25.0	1.5.7	AMD Ryzen 5 7640U w/ Radeon 760M Graphics	12	2147483648	compose/timings-prepared-mol-zstd.yml timings-prepared-mol-zstd service, network disabled	1024	random-parseable-preparable-v1	20260531	af780bb8c4b4a48b23dc8a706523668569e62d181f62c52910c37b8085a10ed0	f47183532f456a6bd97e99ee84dc1ec3c50bd1f2d6b8f519b8fed75cab8e6b48	20260531_ebdfcd5d	1390038199	c87c9e5066dfc00f18800339ac2db0ad4964b72a009574e92bcc2b5ed642d575	5742205	15	no-dictionary	553703	0.09642689524320361	0.8074471962505153	0.0345379901801146	0.00608681611317609	0.00021263021430807162
2026-05-31T21:46:22+00:00	a61189b97225	Use compact visited state for non-stereo decoding	True	Linux-6.17.0-23-generic-x86_64-with-glibc2.36	3.12.13	2026.03.1	0.25.0	1.5.7	AMD Ryzen 5 7640U w/ Radeon 760M Graphics	12	2147483648	compose/timings-prepared-mol-zstd.yml timings-prepared-mol-zstd service, network disabled	1024	random-parseable-preparable-v1	20260531	af780bb8c4b4a48b23dc8a706523668569e62d181f62c52910c37b8085a10ed0	f47183532f456a6bd97e99ee84dc1ec3c50bd1f2d6b8f519b8fed75cab8e6b48	20260531_ebdfcd5d	1390038199	c87c9e5066dfc00f18800339ac2db0ad4964b72a009574e92bcc2b5ed642d575	5742205	15	dictionary	272551	0.04746451929180515	0.42510868702083826	0.009218332742581917	0.003012973183233823	0.0001442034896180536
2026-05-31T21:46:22+00:00	a61189b97225	Use compact visited state for non-stereo decoding	True	Linux-6.17.0-23-generic-x86_64-with-glibc2.36	3.12.13	2026.03.1	0.25.0	1.5.7	AMD Ryzen 5 7640U w/ Radeon 760M Graphics	12	2147483648	compose/timings-prepared-mol-zstd.yml timings-prepared-mol-zstd service, network disabled	1024	random-parseable-preparable-v1	20260531	af780bb8c4b4a48b23dc8a706523668569e62d181f62c52910c37b8085a10ed0	f47183532f456a6bd97e99ee84dc1ec3c50bd1f2d6b8f519b8fed75cab8e6b48	20260531_ebdfcd5d	1390038199	c87c9e5066dfc00f18800339ac2db0ad4964b72a009574e92bcc2b5ed642d575	5742205	16	no-dictionary	555067	0.0966644346553284	0.7725132194214633	0.0378237112871447	0.006577162304893136	0.00044421165365953483
2026-05-31T21:46:22+00:00	a61189b97225	Use compact visited state for non-stereo decoding	True	Linux-6.17.0-23-generic-x86_64-with-glibc2.36	3.12.13	2026.03.1	0.25.0	1.5.7	AMD Ryzen 5 7640U w/ Radeon 760M Graphics	12	2147483648	compose/timings-prepared-mol-zstd.yml timings-prepared-mol-zstd service, network disabled	1024	random-parseable-preparable-v1	20260531	af780bb8c4b4a48b23dc8a706523668569e62d181f62c52910c37b8085a10ed0	f47183532f456a6bd97e99ee84dc1ec3c50bd1f2d6b8f519b8fed75cab8e6b48	20260531_ebdfcd5d	1390038199	c87c9e5066dfc00f18800339ac2db0ad4964b72a009574e92bcc2b5ed642d575	5742205	16	dictionary	274024	0.047721040959004424	0.8009571620329682	0.07868320135458111	0.003121397191924708	0.0006003933761363615
2026-05-31T21:46:22+00:00	a61189b97225	Use compact visited state for non-stereo decoding	True	Linux-6.17.0-23-generic-x86_64-with-glibc2.36	3.12.13	2026.03.1	0.25.0	1.5.7	AMD Ryzen 5 7640U w/ Radeon 760M Graphics	12	2147483648	compose/timings-prepared-mol-zstd.yml timings-prepared-mol-zstd service, network disabled	1024	random-parseable-preparable-v1	20260531	af780bb8c4b4a48b23dc8a706523668569e62d181f62c52910c37b8085a10ed0	f47183532f456a6bd97e99ee84dc1ec3c50bd1f2d6b8f519b8fed75cab8e6b48	20260531_ebdfcd5d	1390038199	c87c9e5066dfc00f18800339ac2db0ad4964b72a009574e92bcc2b5ed642d575	5742205	17	no-dictionary	548809	0.09557460940527202	1.0772500107330936	0.02995086584780859	0.0070783818207149	0.0004961087873030007
2026-05-31T21:46:22+00:00	a61189b97225	Use compact visited state for non-stereo decoding	True	Linux-6.17.0-23-generic-x86_64-with-glibc2.36	3.12.13	2026.03.1	0.25.0	1.5.7	AMD Ryzen 5 7640U w/ Radeon 760M Graphics	12	2147483648	compose/timings-prepared-mol-zstd.yml timings-prepared-mol-zstd service, network disabled	1024	random-parseable-preparable-v1	20260531	af780bb8c4b4a48b23dc8a706523668569e62d181f62c52910c37b8085a10ed0	f47183532f456a6bd97e99ee84dc1ec3c50bd1f2d6b8f519b8fed75cab8e6b48	20260531_ebdfcd5d	1390038199	c87c9e5066dfc00f18800339ac2db0ad4964b72a009574e92bcc2b5ed642d575	5742205	17	dictionary	263426	0.045875408488551	1.3700001880393498	0.1054746881567606	0.003328011105103152	0.0002508839757998985
2026-05-31T21:46:22+00:00	a61189b97225	Use compact visited state for non-stereo decoding	True	Linux-6.17.0-23-generic-x86_64-with-glibc2.36	3.12.13	2026.03.1	0.25.0	1.5.7	AMD Ryzen 5 7640U w/ Radeon 760M Graphics	12	2147483648	compose/timings-prepared-mol-zstd.yml timings-prepared-mol-zstd service, network disabled	1024	random-parseable-preparable-v1	20260531	af780bb8c4b4a48b23dc8a706523668569e62d181f62c52910c37b8085a10ed0	f47183532f456a6bd97e99ee84dc1ec3c50bd1f2d6b8f519b8fed75cab8e6b48	20260531_ebdfcd5d	1390038199	c87c9e5066dfc00f18800339ac2db0ad4964b72a009574e92bcc2b5ed642d575	5742205	18	no-dictionary	547238	0.09530102112341862	1.7943811755228256	0.021327819480445216	0.007600014031465564	0.0005688551991834644
2026-05-31T21:46:22+00:00	a61189b97225	Use compact visited state for non-stereo decoding	True	Linux-6.17.0-23-generic-x86_64-with-glibc2.36	3.12.13	2026.03.1	0.25.0	1.5.7	AMD Ryzen 5 7640U w/ Radeon 760M Graphics	12	2147483648	compose/timings-prepared-mol-zstd.yml timings-prepared-mol-zstd service, network disabled	1024	random-parseable-preparable-v1	20260531	af780bb8c4b4a48b23dc8a706523668569e62d181f62c52910c37b8085a10ed0	f47183532f456a6bd97e99ee84dc1ec3c50bd1f2d6b8f519b8fed75cab8e6b48	20260531_ebdfcd5d	1390038199	c87c9e5066dfc00f18800339ac2db0ad4964b72a009574e92bcc2b5ed642d575	5742205	18	dictionary	262321	0.04568297370086927	1.434692962327972	0.16567632242705088	0.0025565268338790964	0.0005424713769082211
2026-05-31T21:46:22+00:00	a61189b97225	Use compact visited state for non-stereo decoding	True	Linux-6.17.0-23-generic-x86_64-with-glibc2.36	3.12.13	2026.03.1	0.25.0	1.5.7	AMD Ryzen 5 7640U w/ Radeon 760M Graphics	12	2147483648	compose/timings-prepared-mol-zstd.yml timings-prepared-mol-zstd service, network disabled	1024	random-parseable-preparable-v1	20260531	af780bb8c4b4a48b23dc8a706523668569e62d181f62c52910c37b8085a10ed0	f47183532f456a6bd97e99ee84dc1ec3c50bd1f2d6b8f519b8fed75cab8e6b48	20260531_ebdfcd5d	1390038199	c87c9e5066dfc00f18800339ac2db0ad4964b72a009574e92bcc2b5ed642d575	5742205	19	no-dictionary	546423	0.09515908958318277	1.4053616040452783	0.05022313686140925	0.006047623797452876	0.0011709320154245477
2026-05-31T21:46:22+00:00	a61189b97225	Use compact visited state for non-stereo decoding	True	Linux-6.17.0-23-generic-x86_64-with-glibc2.36	3.12.13	2026.03.1	0.25.0	1.5.7	AMD Ryzen 5 7640U w/ Radeon 760M Graphics	12	2147483648	compose/timings-prepared-mol-zstd.yml timings-prepared-mol-zstd service, network disabled	1024	random-parseable-preparable-v1	20260531	af780bb8c4b4a48b23dc8a706523668569e62d181f62c52910c37b8085a10ed0	f47183532f456a6bd97e99ee84dc1ec3c50bd1f2d6b8f519b8fed75cab8e6b48	20260531_ebdfcd5d	1390038199	c87c9e5066dfc00f18800339ac2db0ad4964b72a009574e92bcc2b5ed642d575	5742205	19	dictionary	273559	0.047640061613961886	0.8465256894872125	0.02055213481675563	0.002791456346000944	0.00027485461360114385
